applicant_id,email,first_name
1,vick40@hotmail.com,Jalen Grimes
2,urogahn@gmail.com,Mr. Sullivan Hammes IV
3,danielle28@yahoo.com,Adrien Vandervort-Dickens
4,rossie22@gmail.com,Dr. Sharif Kunde
5,rickie.wunsch@yahoo.com,Marlena Reichert PhD
6,hermann.tromp@yahoo.com,Mr. Brandan Oberbrunner
7,stehr.bulah@gmail.com,Lloyd Adams III
8,oritchie@hotmail.com,Randy Ziemann
9,reynolds.welch@yahoo.com,Gina Sanford
10,plangosh@hotmail.com,Cornell Funk
11,ginny12@gmail.com,Yadiel Collier
12,bergnaum.michelle@hotmail.com,Kamryn Johnson
13,darla.kassulke@gmail.com,Tyesha Schmeler
14,ghintz@gmail.com,Ernie Hegmann-Graham
15,bwalker@yahoo.com,Zackery Runolfsdottir
16,arnav.hilll@hotmail.com,Cleveland Predovic
17,goyette.olen@yahoo.com,Melvyn Hickle
18,anabel20@gmail.com,Larry Nienow IV
19,jprice@gmail.com,Vilma Rutherford
20,dena.mclaughlin@hotmail.com,Wiliam Ziemann-Fadel
21,gaetano.yundt@hotmail.com,Mrs. Kathy Halvorson
22,o'hara.amiya@yahoo.com,Mirtie Harvey-Shanahan
23,beier.robbin@yahoo.com,Eliezer Pfeffer
24,jamel.maggio@hotmail.com,Dr. Shep Buckridge
25,jordon.keebler@hotmail.com,Kyree Kutch
26,tameka63@hotmail.com,Ms. Delpha Grant
27,ladarius.goyette@hotmail.com,Ms. Icie Crooks
28,gavyn.schmidt@yahoo.com,Loney Jenkins-Lindgren
29,yaufderhar@yahoo.com,Shania Donnelly DVM
30,luverne88@hotmail.com,Dr. Patric Veum
31,wmcglynn@hotmail.com,Amirah Rippin DVM
32,jimmie45@hotmail.com,Randle Hilpert
33,cherie27@hotmail.com,Soren Dare
34,charle.emard@yahoo.com,Roderic Walter
35,ksimonis@hotmail.com,Farah Daugherty MD
36,gwyn96@gmail.com,Marva Crooks
37,leandra.block@hotmail.com,Ryland Ledner
38,sterling.pfeffer@yahoo.com,Girtha Harvey DDS
39,alvia.johnston@hotmail.com,Staci Spencer
40,waters.arkie@hotmail.com,Mr. Olan Bernhard
41,jo'reilly@gmail.com,Karol Aufderhar MD
42,buckridge.amerigo@yahoo.com,Katia Gibson MD
43,bryan@gmail.com,Miss Kalyn Hudson MD
44,lily30@gmail.com,Wylie Pacocha
45,effie31@yahoo.com,Giuseppe Howell
46,yjacobs@yahoo.com,Grant Bruen
47,iva65@gmail.com,Khiry Maggio
48,malakai17@yahoo.com,Mrs. Vertie Renner
49,hudson.willene@hotmail.com,Mrs. Aura McKenzie DDS
50,darryll05@hotmail.com,Roland Reynolds
51,austin.bradtke@hotmail.com,Leonia Ernser
52,hayes.lara@yahoo.com,Rupert Rath PhD
53,ycruickshank@gmail.com,Dr. Jennette Hand
54,leota25@hotmail.com,Dr. Shyla Konopelski PhD
55,merritt.howe@gmail.com,Toriano Towne DDS
56,xwest@gmail.com,Lethia Hauck
57,sincere77@yahoo.com,Tania Predovic
58,phyliss09@hotmail.com,Genie Frami
59,waters.yurem@hotmail.com,Dorthy Klocko MD
60,ardyce.nicolas@hotmail.com,Jerome Terry
